ID,addr_vname,addr_pname,addr_sname,contains_protected_area,protected_area_name
5500895,Special Area,Ngacino,Agoro,False,
5500896,Grazing Land,Ngacino,Agoro,True,Agoro - Agu Forest Reserve
5500897,Irumo,Ngacino,Agoro,True,Agoro - Agu Forest Reserve
5500898,Obere,Ngacino,Agoro,True,Agoro - Agu Forest Reserve
5500899,Kila,Ngacino,Agoro,True,Agoro - Agu Forest Reserve
5500900,Lamogi,Ngacino,Agoro,False,
5500901,Goloro-a,Pobar,Agoro,False,
5500902,Goloro-b,Pobar,Agoro,False,
5500903,Central,Pobar,Agoro,False,
5500904,Tumanun-a,Pobar,Agoro,False,
5500905,Lamuribenge-b,Pobar,Agoro,False,
5500906,Lamuribenge-a,Pobar,Agoro,False,
5500907,Special Area,Pobar,Agoro,False,
5500908,Ywaya,Pobar,Agoro,False,
5501310,Potwach,Pawor,Lokung,False,
5501311,Lacano-diwogo,Pawor,Lokung,False,
5501312,Mudu,Pawor,Lokung,False,
5501313,Lakwala West,Licwar,Lokung,False,
5501314,Special Area,Licwar,Lokung,False,
5501315,Ngomoromo,Licwar,Lokung,False,
5501316,Licwar Central,Licwar,Lokung,False,
5501317,Kicwar West,Licwar,Lokung,False,
5501318,Ghana,Licwar,Lokung,False,
5501319,Kila Kony-paco,Licwar,Lokung,False,
5501320,Kila Kony-paco,Licwar,Lokung,False,
5501321,Ngolpac,Pangira,Lokung,False,
5501322,Lik Kony,Pangira,Lokung,False,
5501323,Akilikongo Central,Pangira,Lokung,False,
5501324,Akilikongo West,Pangira,Lokung,False,
5501325,Pagada,Pangira,Lokung,False,
5501326,Okora East,Pangira,Lokung,False,
5501327,Special Area,Atiba,Lamwo Tc,False,
5501328,Awac,Ateng,Lamwo Tc,False,
5501329,Lomodo West,Pakalabule,Lokung,False,
5501330,Ocula Central,Ocula,Lamwo Tc,True,"Lalak Forest Reserve, Lokung Forest Reserve"
5501331,Latyelo,Atiba,Lamwo Tc,True,Lalak Forest Reserve
5501332,Lagot Agoro,Atiba,Lamwo Tc,True,Lalak Forest Reserve
5501333,Cin Kul,Atiba,Lamwo Tc,False,
5501334,Awac,Ateng,Lamwo Tc,False,
5501335,Juba,Ogwec,Lamwo Tc,True,Lokung Forest Reserve
5501336,Got Kwar,Ateng,Lamwo Tc,False,
5501337,Loyo Ayela,Ateng,Lamwo Tc,True,Lokung Forest Reserve
5501338,Latic Odoko Gwok,Abakadyak,Padibe West,False,
5501339,Tumbafu,Ywaya,Padibe West,True,Aram Forest Reserve
5501340,Lacara,Ywaya,Padibe West,False,
5501341,Lokili,Ywaya,Padibe West,False,
5501342,Amuca South,Ywaya,Padibe West,True,Paonyeme Forest Reserve
5501343,Amuca North,Ywaya,Padibe West,True,Paonyeme Forest Reserve
5501561,Pawena Central,Cubu,Palabek Gem,False,
5501627,Ayago East,Alaa,Padibe East,False,
5502037,Agwata,Cubu,Palabek Gem,False,
5502847,Latikiriu,Dibolyec,Lokung,True,Agoro - Agu Forest Reserve
5502848,Opoki East,Madi Kiloc,Padibe West,True,Aram Forest Reserve
5502849,Guruguru,Kal,Palabek Kal,False,
5502850,Ongalo,Pawaja,Paloga,True,Lamwo Forest Reserve
5502851,Apyetta West,Apyetta,Palabek Ogili,True,Achwa River Forest Reserve
5502852,Pama,Okol,Madi Opei,False,
5502853,Layamo,Cubu,Palabek Gem,False,
5502854,Agwata,Cubu,Palabek Gem,False,
5502855,Ngomlac,Cubu,Palabek Gem,False,
5502856,Abera,Cubu,Palabek Gem,False,
5502857,Abam,Cubu,Palabek Gem,False,
5502858,Medde South,Gem,Palabek Gem,False,
5502859,Beyogoya,Anaka,Palabek Gem,False,
5502860,Anaka South,Anaka,Palabek Gem,False,
5502861,Beyogoya,Anaka,Palabek Gem,False,
5502862,Anaka Central,Anaka,Palabek Gem,False,
5502863,Ayuulupur,Anaka,Palabek Gem,False,
5502864,Anaka Central,Anaka,Palabek Gem,False,
5502865,Dyang Bii,Patanga,Palabek Gem,False,
5502866,Lakwar,Patanga,Palabek Gem,False,
5502867,Obokolot,Patanga,Palabek Gem,False,
5502868,Kafata,Patanga,Palabek Gem,False,
5502869,Moroto West,Moroto,Palabek Gem,False,
5502870,Dyang Bii,Patanga,Palabek Gem,False,
5502871,India,Gem,Palabek Gem,False,
5502872,Medde Central,Gem,Palabek Gem,False,
5502873,Amina,Gem,Palabek Gem,False,
5502874,Kamama South,Moroto,Palabek Gem,False,
5502875,Moroto East,Moroto,Palabek Gem,False,
5502876,Kamama Central,Moroto,Palabek Gem,False,
5502877,Kamama Central,Moroto,Palabek Gem,False,
5502878,Yaa Pacoro,Moroto,Palabek Gem,False,
5502882,Arusha,Moroto,Palabek Gem,False,
5502883,Katum,Moroto,Palabek Gem,False,
5502884,Labworoyeng,Moroto,Palabek Gem,False,
5502885,Mudu Northwest,Paracelle,Palabek Ogili,False,
5502886,Otaa,Paracelle,Palabek Ogili,False,
5502887,Mudu Central,Paracelle,Palabek Ogili,False,
5502888,Mudu East,Paracelle,Palabek Ogili,False,
5502889,Mudu Central,Paracelle,Palabek Ogili,False,
5502890,Mudmwest,Paracelle,Palabek Ogili,False,
5502891,Kiira,Padwat,Palabek Ogili,False,
5502892,Padwat Northwest,Padwat,Palabek Ogili,False,
5502893,Mudu South,Padwat,Palabek Ogili,False,
5502894,Padwat Northeast,Padwat,Palabek Ogili,False,
5502895,Kiira,Padwat,Palabek Ogili,False,
5502896,Padwat West,Padwat,Palabek Ogili,False,
5502897,Kiira,Padwat,Palabek Ogili,False,
5502898,Padwat Central,Padwat,Palabek Ogili,False,
5502899,Padwat South,Padwat,Palabek Ogili,False,
5502900,Padwat East,Padwat,Palabek Ogili,False,
5502901,Akworo East,Lugwar,Palabek Ogili,False,
5502902,Odube,Apyetta,Palabek Ogili,True,Achwa River Forest Reserve
5502903,Apyetta East,Apyetta,Palabek Ogili,False,
5502904,Apyetta North,Apyetta,Palabek Ogili,True,Achwa River Forest Reserve
5502905,Lagotopuk,Lugwar,Palabek Ogili,False,
5502906,Lugwar Central,Lugwar,Palabek Ogili,False,
5502907,Mudu Northwest,Paracelle,Palabek Ogili,False,
5502908,Mudu West,Paracelle,Palabek Ogili,False,
5502909,Lanywang West,Labigirang,Palabek Kal,False,
5502910,Lanywang East,Labigirang,Palabek Kal,False,
5502911,Lanywang Central,Labigirang,Palabek Kal,False,
5502912,Alimotiko West,Labigirang,Palabek Kal,False,
5502913,Lanywang East,Labigirang,Palabek Kal,False,
5502914,Alimotiko East,Labigirang,Palabek Kal,False,
5502915,Lubiri,Pobura,Madi Opei,False,
5502916,Oboko,Pawach,Agoro,True,Agoro - Agu Forest Reserve
5502917,Ayuulupur,Anaka,Palabek Gem,False,
5502918,Alimotiko Central,Labigirang,Palabek Kal,False,
5502919,Alimotiko West,Labigirang,Palabek Kal,False,
5502920,Apyetta Central,Apyetta,Palabek Ogili,False,
5502921,Apyetta South,Apyetta,Palabek Ogili,True,Achwa River Forest Reserve
5502922,Aja Ogala,Anaka,Palabek Gem,False,
5502923,Dog Gwenyo,Okol,Madi Opei,False,
5502924,Litengi,Okol,Madi Opei,False,
5502925,Kapeta,Okol,Madi Opei,False,
5502926,Kakira,Okol,Madi Opei,False,
5502927,Kakiula,Okol,Madi Opei,False,
5502928,Kiwiri,Okol,Madi Opei,False,
5502929,Teecwa,Okol,Madi Opei,False,
5502930,Odya Oket,Okol,Madi Opei,False,
5502931,Larobi,Paluga,Paluga,False,
5502932,Katebo,Paluga,Paluga,False,
5502933,Atangwa,Paluga,Paluga,False,
5502934,Tumato,Paluga,Paluga,False,
5502935,Dogudi,Paluga,Paluga,False,
5502936,Gena,Paluga,Paluga,False,
5502937,Gai,Paluga,Paluga,False,
5502938,Dogudi,Paluga,Paluga,False,
5502939,Central,Paluga,Paluga,False,
5502940,Palawau,Paluga,Paluga,True,Lamwo Forest Reserve
5502941,Alokorom,Paluga,Paluga,True,Lamwo Forest Reserve
5502942,Jamula,Bungu,Paloga,False,
5502943,Kangole,Pawaja,Paloga,False,
5502944,Marakach-a,Pawaja,Paloga,True,Lamwo Forest Reserve
5502945,Kaliro,Pawaja,Paloga,False,
5502946,Marakach -b,Pawaja,Paloga,True,Lamwo Forest Reserve
5502947,Lamwo Forest Reserve,Paluga,Paloga,True,Lamwo Forest Reserve
5502948,Lotogo,Pawaja,Paloga,False,
5502949,Atango,Pawaja,Paloga,False,
5502950,Ngany-b,Bungu,Paloga,False,
5502951,Loyoro,Bungu,Paloga,False,
5502952,Ngany-a,Bungu,Paloga,False,
5502953,Keca,Bungu,Paloga,False,
5502954,Orii Gangodye,Bungu,Paloga,False,
5502955,Orii Layima,Bungu,Paloga,False,
5502956,Oria West,Alaa,Padibe East,False,
5502957,Loi Tee-okworo,Alaa,Padibe East,False,
5502958,Oria East,Alaa,Padibe East,False,
5502959,Lacari Leb Munu North,Alaa,Padibe East,False,
5502960,Lacari Leb Munu,Alaa,Padibe East,False,
5502961,Okora South,Alaa,Padibe East,False,
5502962,Guci,Wangtit,Padibe East,False,
5502963,Ogako North,Wangtit,Padibe East,False,
5502964,Aaboo,Wangtit,Padibe East,False,
5502965,Palwal,Wangtit,Padibe East,False,
5502966,Maa Olwonga,Wangtit,Padibe East,False,
5502967,Ogako North,Wangtit,Padibe East,False,
5502968,Locken West,Wangtit,Padibe East,False,
5502969,Alenyo North,Wangtit,Padibe East,False,
5502970,Locken East,Wangtit,Padibe East,False,
5502971,Locken West,Wangtit,Padibe East,False,
5502972,Alenyo South,Wangtit,Padibe East,False,
5502973,Tadi South,Wangtit,Padibe East,False,
5502974,Ogako South,Wangtit,Padibe East,False,
5502975,Tadi Central,Wangtit,Padibe East,False,
5502976,Kal Central-b,Kal,Palabek Kal,False,
5502979,Forest Reserve,Lamwo,Palabek Kal,False,
5502980,Bajere Biya-a,Lamwo,Palabek Kal,False,
5502981,Miciri Kalaki,Lamwo,Palabek Kal,False,
5502982,Agoro,Lamwo,Palabek Kal,False,
5502983,Orom Central,Lamwo,Palabek Kal,False,
5502984,Orom West,Lamwo,Palabek Kal,False,
5502985,Orom East,Lamwo,Palabek Kal,False,
5502986,Agora,Lamwo,Palabek Kal,False,
5502987,Miciri Kalaki,Lamwo,Palabek Kal,False,
5502988,Grazing Land,Ayuu Alali,Palabek Kal,False,
5502989,Lobotoro,Ayuu Alali,Palabek Kal,False,
5502990,Katunguru Pawodating,Ayuu Alali,Palabek Kal,False,
5502991,Amot Larom,Ayuu Alali,Palabek Kal,False,
5502992,Tadi North,Wangtit,Padibe East,False,
5502993,Katum Central,Katum,Padibe East,False,
5502994,Katum West,Katum,Padibe East,True,Lalak Forest Reserve
5502995,Katum East,Katum,Padibe East,False,
5502996,Katum East-b,Katum,Padibe East,False,
5502997,Lagotonguu,Katum,Padibe East,False,
5502998,Dec Central,Katum,Padibe East,False,
5502999,Dec East,Katum,Padibe East,False,
5503000,Labayango,Katum,Padibe East,False,
5503001,Pabwoch West,Lagwel,Padibe West,False,
5503002,Lomura,Lagwel,Padibe West,False,
5503003,Pabwoch East,Lagwel,Padibe West,False,
5503004,Biwang West,Madi Kiloc,Padibe West,True,Aram Forest Reserve
5503005,Ayago,Madi Kiloc,Padibe West,True,Aram Forest Reserve
5503006,Oboke-lot,Madi Kiloc,Padibe West,False,
5503007,Aluu East,Madi Kiloc,Padibe West,False,
5503008,Biwang Central,Madi Kiloc,Padibe West,True,Paonyeme Forest Reserve
5503009,Tegot Central,Madi Kiloc,Padibe West,True,Paonyeme Forest Reserve
5503010,Aluu West,Madi Kiloc,Padibe West,False,
5503011,Barara,Madi Kiloc,Padibe West,False,
5503012,Coo-rom,Madi Kiloc,Padibe West,False,
5503013,Agolo,Madi Kiloc,Padibe West,False,
5503014,Palaa West,Mura,Padibe Tc,False,
5503015,Palaa Central,Mura,Padibe Tc,False,
5503016,Loibide South,Mura,Padibe Tc,True,Padibe Forest Reserve
5503017,Palaa East,Mura,Padibe Tc,False,
5503018,Palaa East,Mura,Padibe Tc,False,
5503019,Wigweng South,Mura,Padibe Tc,False,
5503020,Loibide North,Mura,Padibe Tc,False,
5503021,Mission,Atwol,Padibe Tc,False,
5503022,Atwol-a,Atwol,Padibe Tc,False,
5503023,Lotibol,Atwol,Padibe Tc,False,
5503024,Nyomaloo East,Kamama,Padibe Tc,False,
5503025,Pabwoch West,Lagwel,Padibe West,False,
5503026,Loioryang,Kamama,Padibe Tc,False,
5503027,Kamama East,Kamama,Padibe Tc,False,
5503028,Doglokutu East,Kuluyee,Padibe Tc,False,
5503029,Ngomoromo Central,Gangdyang,Padibe Tc,False,
5503030,Kakira South,Gangdyang,Padibe Tc,False,
5503031,Anyibi,Gangdyang,Padibe Tc,False,
5503032,Owacomoo,Gangdyang,Padibe Tc,False,
5503033,Kakira North,Kuluyee,Padibe Tc,False,
5503034,Doglokutu West,Kuluyee,Padibe Tc,False,
5503035,Doglukutu Central,Kuluyee,Padibe Tc,False,
5503036,Otong Lawatpura,Ayuu Alali,Palabek Kal,False,
5503037,Kal Central-a,Kal,Palabek Kal,True,Palabek Forest Reserve
5503038,Kal Central-b,Kal,Palabek Kal,False,
5503039,Agorodem,Kal,Palabek Kal,False,
5503040,Pauma Mede,Kal,Palabek Kal,False,
5503041,Pamwa,Kal,Palabek Kal,False,
5503042,Pauma West,Kal,Palabek Kal,False,
5503043,Pauma East,Kal,Palabek Kal,False,
5503044,Pauma North,Kal,Palabek Kal,False,
5503045,Kal Central-a,Kal,Palabek Kal,False,
5503046,Kal Central-a,Kal,Palabek Kal,False,
5503047,Biya B Magala,Ayuu Alali,Palabek Kal,False,
5503048,Liri Central,Ayuu Alali,Palabek Kal,False,
5503049,Larego,Ayuu Alali,Palabek Kal,False,
5503050,Liri East,Ayuu Alali,Palabek Kal,False,
5503051,Apuk,Licwar,Lokung,False,
5503052,Omwa,Parapono,Lokung,True,Agoro - Agu Forest Reserve
5503053,Lela Bul West,Lelapwot,Lokung,False,
5503054,Yoke,Pawor,Lokung,False,
5503055,Ododo Central,Olebi,Lokung,False,
5503056,Okora Central,Pangira,Lokung,False,
5503057,Pateke,Dibolyec,Lokung,True,Agoro - Agu Forest Reserve
5503058,Ber-lobo,Dibolyec,Lokung,True,Agoro - Agu Forest Reserve
5503059,Ywaya West,Dibolyec,Lokung,False,
5503060,Ywaya East,Dibolyec,Lokung,False,
5503061,Logwak Central,Dibolyec,Lokung,True,Lalak Forest Reserve
5503062,Logwak East,Dibolyec,Lokung,False,
5503063,Guria West,Parapono,Lokung,False,
5503064,Guria East,Parapono,Lokung,True,Lalak Forest Reserve
5503065,Guria West,Parapono,Lokung,False,
5503066,Lo-olii,Parapono,Lokung,True,Lalak Forest Reserve
5503067,Lela Bul East,Lelapwot,Lokung,True,Agoro - Agu Forest Reserve
5503068,Lela Pwot West,Lelapwot,Lokung,False,
5503069,Tedo-pee,Lelapwot,Lokung,False,
5503070,Tedo-pee,Lelapwot,Lokung,False,
5503071,Omekong,Lelapwot,Lokung,False,
5503072,Limu,Pawor,Lokung,False,
5503073,Latida,Pawor,Lokung,False,
5503074,Bwotatum,Pawor,Lokung,False,
5503075,Amero East,Ywaya,Padibe West,False,
5503076,Amero West,Ywaya,Padibe West,False,
5503077,Ram-ram South,Ywaya,Padibe West,False,
5503078,Ram-ram South,Ywaya,Padibe West,False,
5503079,Bilape,Ywaya,Padibe West,False,
5503080,Olwongu West,Ywaya,Padibe West,False,
5503081,Kafata,Ywaya,Padibe West,False,
5503082,Lagotokanga,Abakadyak,Padibe West,False,
5503083,Otac Pap,Abakadyak,Padibe West,True,Lalak Forest Reserve
5503084,Mekmek,Abakadyak,Padibe West,False,
5503085,Ayom South,Abakadyak,Padibe West,False,
5503086,Laitepe,Abakadyak,Padibe West,False,
5503087,Lobiri,Abakadyak,Padibe West,False,
5503088,Ayom North,Abakadyak,Padibe West,False,
5503089,Store Bor,Abakadyak,Padibe West,False,
5503090,Larom West,Abakadyak,Padibe West,False,
5503091,Larom East,Abakadyak,Padibe West,False,
5503092,Guda,Pobura,Madi Opei,False,
5503093,Cinglonyo,Potika,Agoro,False,
5503094,Palawau,Paluga,Paluga,False,
5503095,Grazing Land,Potika,Agoro,True,Agoro - Agu Forest Reserve
5503096,Lobule-b,Potika,Agoro,False,
5503097,Lobule-a,Potika,Agoro,True,Agoro - Agu Forest Reserve
5503098,Cwiny Muribe-a,Potika,Agoro,True,Lamwo Forest Reserve
5503099,Cwiny Muribe-b,Potika,Agoro,True,Agoro - Agu Forest Reserve
5503100,Simba,Potika,Agoro,True,Agoro - Agu Forest Reserve
5503101,Labedociri,Potika,Agoro,False,
5503102,Grazing Land,Rudi,Agoro,True,Agoro - Agu Forest Reserve
5503103,Lamwoka-b,Pawach,Agoro,True,Agoro - Agu Forest Reserve
5503104,Penybuk,Pawach,Agoro,True,Agoro - Agu Forest Reserve
5503105,Moroto East,Pawach,Agoro,True,Agoro - Agu Forest Reserve
5503106,Moroto West,Pawach,Agoro,True,Agoro - Agu Forest Reserve
5503107,Yweyope,Pawach,Agoro,True,Agoro - Agu Forest Reserve
5503108,Karach Odwong,Pawach,Agoro,True,Agoro - Agu Forest Reserve
5503109,Lamwoka-a,Pawach,Agoro,True,Agoro - Agu Forest Reserve
5503110,Agoro-agu Forest Reserve,Pawach,Agoro,True,Agoro - Agu Forest Reserve
5503111,Tumanun-b,Pobar,Agoro,False,
5503112,Lugede,Rudi,Agoro,True,Agoro - Agu Forest Reserve
5503113,Polongo-a,Rudi,Agoro,True,Agoro - Agu Forest Reserve
5503114,Pakinyi,Rudi,Agoro,False,
5503115,Panyamiel,Rudi,Agoro,True,Agoro - Agu Forest Reserve
5503116,Forest Reserve,Lopulingi,Agoro,True,Agoro - Agu Forest Reserve
5503117,Agula Loboyoko-a,Lopulingi,Agoro,False,
5503118,Logu,Rudi,Agoro,False,
5503119,Agula Loboyoko-b,Lopulingi,Agoro,True,Agoro - Agu Forest Reserve
5503120,Agula Odiciri,Lopulingi,Agoro,True,Agoro - Agu Forest Reserve
5503121,Palucire West,Lopulingi,Agoro,True,Agoro - Agu Forest Reserve
5503122,Lopulingi-a,Lopulingi,Agoro,False,
5503123,Lopulingi-b,Lopulingi,Agoro,False,
5503124,Palucire East,Lopulingi,Agoro,False,
5503125,Panyul,Lopulingi,Agoro,False,
5503126,Lobinonga,Lopulingi,Agoro,False,
5503127,Tegotkwero North,Pobar,Agoro,False,
5503128,Central,Pobar,Agoro,False,
5503129,Grazing Land,Pobar,Agoro,False,
5503130,Alele,Pobura,Madi Opei,False,
5503131,Labalokodi,Pobura,Madi Opei,False,
5503132,Oryang,Pobura,Madi Opei,False,
5503133,Karuma,Pobura,Madi Opei,False,
5503134,Pobutu,Pobura,Madi Opei,False,
5503135,Lipan Hunting Area,Lawiye Oduny,Madi Opei,False,
5503136,Special Area-3,Lawiye Oduny,Madi Opei,False,
5503137,Dog Tangi,Lawiye Oduny,Madi Opei,False,
5503138,Locimidik,Lawiye Oduny,Madi Opei,False,
5503139,Special Area-1,Lawiye Oduny,Madi Opei,False,
5503140,Lotuko,Lawiye Oduny,Madi Opei,False,
5503141,Special Area-2,Lawiye Oduny,Madi Opei,False,
5503142,Orogo,Lawiye Oduny,Madi Opei,False,
5503143,Pobudi,Madi Opei Town Board,Madi Opei,False,
5503144,Gem,Madi Opei Town Board,Madi Opei,False,
5503145,Central,Madi Opei Town Board,Madi Opei,False,
5503146,Popany,Madi Opei Town Board,Madi Opei,False,
5503147,Poyamo,Madi Opei Town Board,Madi Opei,False,
5503148,Special Area,Madi Opei Town Board,Madi Opei,False,
5503149,Central,Madi Opei Town Board,Madi Opei,False,
5503150,Central,Madi Opei Town Board,Madi Opei,False,
5503151,Poyamo,Madi Opei Town Board,Madi Opei,False,
5503152,Central,Madi Opei Town Board,Madi Opei,False,
5503153,Okokwene,Olebi,Lokung,False,
5503154,Langwidi Yika 'a',Olebi,Lokung,False,
5503155,Langwidi Yika 'b',Olebi,Lokung,False,
5503156,Karatac,Pobel,Lokung,False,
5503157,Ngora,Pobel,Lokung,True,Lokung Forest Reserve
5503158,Lomodo Central,Pakalabule,Lokung,True,Lokung Forest Reserve
5503159,Lomodo East,Pakalabule,Lokung,True,"Lalak Forest Reserve, Lokung Forest Reserve"
5503160,Licwar Central,Licwar,Lokung,False,
5503161,Loyoayela,Pawach,Agoro,True,Agoro - Agu Forest Reserve
5503162,Pitber,Potika,Agoro,True,Lamwo Forest Reserve
5503163,Pobel Central,Pobel,Lokung,True,Lokung Forest Reserve
5503164,Lapalangwen Forest Reserve,Ateng,Lamwo Tc,False,
5503165,Lomura-kwara,Kamama,Padibe Tc,False,
5503166,Nyomaloo West,Kamama,Padibe Tc,False,
5503167,Got Kwar,Ateng,Lamwo Tc,True,Lokung Forest Reserve
5503168,Lamogi Ongu Forest Reserve,Atiba,Lamwo Tc,False,
5503169,Ongalo,Ogwec,Lamwo Tc,True,Lokung Forest Reserve
5503170,Lamogi Ongu Forest Reserve,Ogwec,Lamwo Tc,False,
5503171,Ocula South,Ocula,Lamwo Tc,True,Lokung Forest Reserve
5503172,Wii Got,Pobel,Lokung,False,
5503173,Kamama Central,Kamama,Padibe Tc,True,Padibe Forest Reserve
5503174,Ngomoromo South,Gangdyang,Padibe Tc,False,
5503175,Ngomoromo,Abakadyak,Padibe West,False,
5503176,Ododo Central,Olebi,Lokung,False,
5503177,Dec West,Katum,Padibe East,False,
5503178,Wigweng North,Mura,Padibe Tc,False,
5503179,Tol Polo,Kamama,Padibe Tc,False,
5503180,Pajong,Padwat,Palabek Ogili,False,
5503181,Ateda,Ogwec,Lokung,True,Lokung Forest Reserve
5503182,Apyetta West,Apyetta,Palabek Ogili,True,Achwa River Forest Reserve
5503183,Akworo Central,Lugwar,Palabek Ogili,False,
5503184,Akilikongo,Pangira,Lokung,False,
5503185,Tegotkwero South,Pobar,Agoro,False,
5503186,Polongo-b,Rudi,Agoro,False,
5503187,Ngomwegi,Gangdyang,Padibe Tc,False,
5503188,Atwol-b,Atwol,Padibe Tc,False,
5503189,Bwola,Atwol,Padibe Tc,False,
5503190,Lela Mel,Ywaya,Padibe West,True,Paonyeme Forest Reserve
5503191,Labworoyeng,Moroto,Palabek Gem,False,
5503192,Central,Paluga,Paluga,False,
5503193,Obokolot,Bungu,Paloga,False,
5503194,Okora North,Alaa,Padibe East,False,
5503195,Loiangollo South,Alaa,Padibe East,False,
5503196,Loi Angollo,Alaa,Padibe East,False,
5503197,Guria Central,Parapono,Lokung,False,
5503198,Aweno Olwi,Dibolyec,Lokung,False,
5503199,Latako,Dibolyec,Lokung,False,
5503200,Ocula North,Ocula,Lamwo Tc,True,"Lalak Forest Reserve, Lokung Forest Reserve"
5503201,Itiba,Bungu,Paloga,False,
5503202,Laguri,Ywaya,Padibe West,True,Paonyeme Forest Reserve
5503203,Okora West,Pangira,Lokung,False,
5503204,Olwongu East,Ywaya,Padibe West,False,
5503205,Tumangu,Katum,Padibe East,True,Lalak Forest Reserve
5503206,Lipan Hunting Area,Madi Opei Town Board,Madi Opei,False,
5503207,Lipan Hunting Area,Lawiye Oduny,Madi Opei,False,
5503208,Lipan Hunting Area,Okol,Madi Opei,False,
5503209,Pandwong,Kal,Palabek Kal,False,
5503210,Labuce Aboro,Patanga,Palabek Gem,True,Aram Forest Reserve
5504178,Abam,Cubu,Palabek Gem,False,
